BATCH_SIZE,MAX_LEN,LEARNING_RATE,EPOCHS,LOSS,BEST_ACC
128.0,64.0,0.002,100.0,0.315553,0.879035
128.0,64.0,0.001,100.0,0.312007,0.881611
128.0,64.0,0.05,100.0,0.340378,0.876374
128.0,64.0,0.02,100.0,0.323444,0.880752
