,Loss,Acc
sst2,0.324126,0.877478
