,Loss,Acc
Yelp,0.501288,0.760352
sst2,0.406316,0.84393
imdb,0.587625,0.686719
