BATCH_SIZE,MAX_LEN,LEARNING_RATE,EPOCHS,LOSS,BEST_ACC
128.0,32.0,2e-05,100.0,0.541475,0.705998
128.0,32.0,0.0001,100.0,0.511818,0.73967
128.0,32.0,0.0002,100.0,0.511656,0.738744
128.0,32.0,0.001,100.0,0.52957,0.750261
128.0,64.0,2e-05,100.0,0.44789,0.783553
128.0,64.0,0.0001,100.0,0.443645,0.788849
128.0,64.0,0.0002,100.0,0.444179,0.788208
128.0,64.0,0.001,100.0,0.456832,0.794405
128.0,64.0,0.02,100.0,0.472773,0.795521
