BATCH_SIZE,MAX_LEN,LEARNING_RATE,EPOCHS,LOSS,BEST_ACC
128.0,32.0,0.005,1.0,0.530961,0.703742
128.0,32.0,0.005,2.0,0.519155,0.735349
