,V_Loss,V_Acc,T_Loss,T_Acc
sst2-FineTune,0.38651607409119604,0.8380859375,0.3523122496902943,0.8455078125
