,V_Loss,V_Acc,T_Loss,T_Acc
Yelp-FineTune,0.3825390277430415,0.8404296875,0.3559644378721714,0.8564453125
