BATCH_SIZE,MAX_LEN,LEARNING_RATE,EPOCHS,LOSS,BEST_ACC
64.0,32.0,1e-05,100.0,0.467308,0.765229
64.0,32.0,0.0001,100.0,0.433581,0.796084
64.0,32.0,0.001,100.0,0.428604,0.806962
64.0,128.0,1e-05,100.0,0.315103,0.865704
64.0,128.0,0.0001,100.0,0.27198,0.886669
64.0,128.0,0.001,100.0,0.265893,0.892801
