BATCH_SIZE,MAX_LEN,LEARNING_RATE,EPOCHS,LOSS,BEST_ACC
64.0,128.0,1e-05,100.0,0.315103,0.865704
64.0,128.0,0.0001,100.0,0.27198,0.886669
64.0,128.0,0.001,100.0,0.265893,0.892801
