,Loss,Acc
Yelp,0.263858,0.892405
